species,classe_atual,classe_futura,registros,percentual
Araucaria angustifolia,Cfb,Cfa,1415,55.8405682715075
Araucaria angustifolia,Cfa,Cfa,205,8.08997632202052
Araucaria angustifolia,Cfa,Af,179,7.06393054459353
Araucaria angustifolia,Cfa,Am,135,5.327545382794
Araucaria angustifolia,Cfb,Cfb,134,5.28808208366219
Araucaria angustifolia,Cwb,Cwb,89,3.51223362273086
Araucaria angustifolia,Cfa,Aw,87,3.43330702446725
Araucaria angustifolia,Cwb,Aw,66,2.60457774269929
Araucaria angustifolia,Cwa,Aw,49,1.93370165745856
Araucaria angustifolia,Aw,Aw,37,1.46014206787687
Araucaria angustifolia,Cwb,Cfa,31,1.22336227308603
Araucaria angustifolia,Cfb,Am,30,1.18389897395422
Araucaria angustifolia,Cwb,Cwa,23,0.907655880031571
Araucaria angustifolia,Cfb,Aw,17,0.670876085240726
Araucaria angustifolia,Cwb,Cfb,15,0.591949486977111
Araucaria angustifolia,Af,Am,5,0.197316495659037
Araucaria angustifolia,Am,Am,4,0.15785319652723
Araucaria angustifolia,Aw,Am,3,0.118389897395422
Araucaria angustifolia,Cfb,Af,3,0.118389897395422
Araucaria angustifolia,Af,Af,2,0.0789265982636148
Araucaria angustifolia,Cfb,Cwb,2,0.0789265982636148
Araucaria angustifolia,Am,Af,1,0.0394632991318074
Araucaria angustifolia,BSh,BSh,1,0.0394632991318074
Araucaria angustifolia,Cwb,Am,1,0.0394632991318074
Cariniana legalis,Aw,Aw,96,43.6363636363636
Cariniana legalis,Cfa,Aw,36,16.3636363636364
Cariniana legalis,Am,Am,16,7.27272727272727
Cariniana legalis,Af,Aw,12,5.45454545454545
Cariniana legalis,Cwa,Aw,12,5.45454545454545
Cariniana legalis,Am,Aw,11,5
Cariniana legalis,Aw,Am,10,4.54545454545455
Cariniana legalis,Af,Af,7,3.18181818181818
Cariniana legalis,Cfa,Am,5,2.27272727272727
Cariniana legalis,Cfb,Cfa,4,1.81818181818182
Cariniana legalis,Af,Am,3,1.36363636363636
Cariniana legalis,Cfb,Aw,2,0.909090909090909
Cariniana legalis,Am,Af,1,0.454545454545455
Cariniana legalis,Aw,BSh,1,0.454545454545455
Cariniana legalis,Cfa,Af,1,0.454545454545455
Cariniana legalis,Cfa,Cfa,1,0.454545454545455
Cariniana legalis,Cfb,Am,1,0.454545454545455
Cariniana legalis,Cwb,Cfa,1,0.454545454545455
Cattleya labiata,Aw,Aw,13,76.4705882352941
Cattleya labiata,Am,Aw,2,11.7647058823529
Cattleya labiata,Cfa,Aw,1,5.88235294117647
Cattleya labiata,Cwa,Aw,1,5.88235294117647
Dicksonia sellowiana,Cfb,Cfa,371,54.7197640117994
Dicksonia sellowiana,Cfa,Cfa,93,13.716814159292
Dicksonia sellowiana,Cfb,Cfb,60,8.84955752212389
Dicksonia sellowiana,Cfa,Af,46,6.78466076696165
Dicksonia sellowiana,Aw,Aw,16,2.35988200589971
Dicksonia sellowiana,Cwb,Cwb,16,2.35988200589971
Dicksonia sellowiana,Cfa,Aw,12,1.76991150442478
Dicksonia sellowiana,Cfb,Aw,12,1.76991150442478
Dicksonia sellowiana,Cwb,Cwa,10,1.47492625368732
Dicksonia sellowiana,Cfa,Am,8,1.17994100294985
Dicksonia sellowiana,Cwa,Aw,7,1.03244837758112
Dicksonia sellowiana,Cwb,Aw,7,1.03244837758112
Dicksonia sellowiana,Cwb,Cfb,7,1.03244837758112
Dicksonia sellowiana,Af,Af,3,0.442477876106195
Dicksonia sellowiana,Am,Am,3,0.442477876106195
Dicksonia sellowiana,Cwb,Cfa,2,0.294985250737463
Dicksonia sellowiana,Am,Aw,1,0.147492625368732
Dicksonia sellowiana,Aw,Am,1,0.147492625368732
Dicksonia sellowiana,Cfb,Af,1,0.147492625368732
Dicksonia sellowiana,Cfb,Am,1,0.147492625368732
Dicksonia sellowiana,Cfb,Cwb,1,0.147492625368732
Euterpe edulis,Cfb,Cfa,1819,45.0582115432252
Euterpe edulis,Af,Af,1070,26.5048303195442
Euterpe edulis,Cfa,Af,376,9.31384691602675
Euterpe edulis,Am,Af,183,4.53306911072579
Euterpe edulis,Cwa,Aw,127,3.14590042110478
Euterpe edulis,Aw,Aw,124,3.07158781273223
Euterpe edulis,Cfa,Am,63,1.56056477582363
Euterpe edulis,Cfa,Aw,59,1.46148129799356
Euterpe edulis,Cfa,Cfa,43,1.06514738667327
Euterpe edulis,Am,Aw,32,0.792667822640575
Euterpe edulis,Am,Am,31,0.767896953183057
Euterpe edulis,Cfb,Am,23,0.569729997522913
Euterpe edulis,Af,Aw,19,0.470646519692841
Euterpe edulis,Cfb,Aw,15,0.371563041862769
Euterpe edulis,Cwb,Aw,14,0.346792172405251
Euterpe edulis,Cwb,Cwa,12,0.297250433490216
Euterpe edulis,Af,Am,10,0.24770869457518
Euterpe edulis,Aw,Am,8,0.198166955660144
Euterpe edulis,Cwb,Cwb,4,0.0990834778300718
Euterpe edulis,Cfb,Af,2,0.0495417389150359
Euterpe edulis,Cfb,Cfb,2,0.0495417389150359
Euterpe edulis,Cwa,Am,1,0.024770869457518
Paubrasilia echinata,Aw,Aw,488,52.985884907709
Paubrasilia echinata,Am,Aw,88,9.55483170466884
Paubrasilia echinata,Af,Aw,87,9.44625407166124
Paubrasilia echinata,Af,Af,44,4.77741585233442
Paubrasilia echinata,Cfa,Aw,38,4.12595005428882
Paubrasilia echinata,Cfa,Am,29,3.14875135722041
Paubrasilia echinata,Am,Am,27,2.93159609120521
Paubrasilia echinata,Af,Am,22,2.38870792616721
Paubrasilia echinata,Cwa,Aw,20,2.17155266015201
Paubrasilia echinata,Cfa,Af,18,1.95439739413681
Paubrasilia echinata,Cfb,Cfa,17,1.84581976112921
Paubrasilia echinata,Aw,Am,15,1.62866449511401
Paubrasilia echinata,Aw,BSh,9,0.977198697068404
Paubrasilia echinata,Cfb,Am,6,0.651465798045603
Paubrasilia echinata,Cfb,Aw,4,0.434310532030402
Paubrasilia echinata,Cwb,Aw,2,0.217155266015201
Paubrasilia echinata,Cwb,Cwa,2,0.217155266015201
Paubrasilia echinata,Cwb,Cwb,2,0.217155266015201
Paubrasilia echinata,BSh,BSh,1,0.1085776330076
Paubrasilia echinata,Cfa,Cfa,1,0.1085776330076
Paubrasilia echinata,Cfb,Af,1,0.1085776330076
